time,bpm,spo2,Trans: Wave,Reflect: Red,Reflect: IR
0.00484919548034668,78,97,40,57829,57880
0.02227020263671875,78,97,39,336419,336380
0.043961524963378906,78,97,39,614929,614806
0.06364631652832031,78,97,39,893352,893416
0.08339238166809082,78,97,40,1171979,1171966
0.10163664817810059,78,97,40,1446621,1450379
0.12045907974243164,78,97,40,1708493,1728865
0.14015841484069824,78,97,40,1708508,1994561
0.15984892845153809,78,97,39,1708493,1994545
0.18032193183898926,78,97,37,1708478,1994555
0.1999349594116211,78,97,35,1708502,1994564
0.21961331367492676,78,97,32,1708500,1994535
0.24007940292358398,78,97,30,1708496,1994538
0.25969433784484863,78,97,27,1708445,1994492
0.28021979331970215,78,97,24,1708346,1994331
0.29984402656555176,78,97,21,1708112,1994029
0.3203134536743164,78,97,19,1707936,1993713
0.34000658988952637,78,97,17,1707830,1993511
0.35962963104248047,78,97,15,1707772,1993402
0.3800926208496094,78,97,13,1707781,1993386
0.39977550506591797,78,97,12,1707808,1993389
0.4194009304046631,78,97,11,1707852,1993382
0.4398672580718994,78,97,11,1707889,1993392
0.4595510959625244,78,97,10,1707916,1993471
0.4801478385925293,78,97,11,1707954,1993530
0.49986886978149414,78,97,12,1708007,1993558
0.5195097923278809,78,97,15,1708010,1993619
0.540055513381958,78,97,22,1707990,1993635
0.5597765445709229,78,97,30,1707960,1993569
0.5794267654418945,78,97,40,1707907,1993511
0.5999116897583008,78,97,50,1707868,1993460
0.6196668148040771,78,97,59,1707875,1993465
0.6393907070159912,78,97,65,1707861,1993415
0.6598844528198242,78,97,68,1707869,1993434
0.6795675754547119,78,97,68,1707902,1993469
0.6993272304534912,78,97,66,1707944,1993475
0.7198581695556641,78,97,62,1707942,1993531
0.7395060062408447,78,97,58,1707983,1993559
0.7600390911102295,78,97,53,1707982,1993577
0.7797484397888184,78,97,48,1708026,1993605
0.7994065284729004,78,97,43,1708037,1993630
0.8229079246520996,78,97,39,1708021,1993697
0.842566728591919,78,97,36,1708087,1993708
0.8621103763580322,78,97,34,1708032,1993639
0.8817636966705322,78,97,34,1708090,1993776
0.9014959335327148,78,97,35,1708086,1993760
0.9219062328338623,78,97,37,1708101,1993714
0.9410905838012695,78,97,39,1708121,1993744
0.9617033004760742,78,97,40,1708182,1993896
0.9811968803405762,78,97,40,1708110,1993711
1.000981330871582,78,97,39,1707856,1993454
1.02378511428833,78,97,38,1707704,1993238
1.0411803722381592,78,97,37,1707663,1993089
1.06203031539917,78,97,35,1707571,1992984
1.0815346240997314,78,97,32,1707584,1992950
1.1017794609069824,78,97,30,1707571,1992985
1.120729923248291,78,97,27,1707638,1993059
1.1417419910430908,78,97,25,1707666,1993026
1.1608474254608154,78,97,22,1707709,1993143
1.181617259979248,78,97,19,1707774,1993321
1.200801134109497,78,97,17,1707853,1993365
1.2216367721557617,78,97,16,1707902,1993469
1.2406530380249023,78,97,15,1707882,1993512
1.2614262104034424,78,97,14,1707837,1993484
1.280555009841919,78,97,15,1707739,1993421
1.3012206554412842,78,97,16,1707784,1993381
1.321983814239502,78,97,18,1707792,1993302
1.3411922454833984,78,97,21,1707821,1993253
1.3602979183197021,78,97,28,1707818,1993352
1.3810148239135742,78,97,38,1707860,1993301
1.4018275737762451,78,97,49,1707880,1993310
1.4208958148956299,78,97,61,1707916,1993357
1.4416582584381104,78,97,73,1707891,1993324
1.4606614112854004,78,97,83,1707851,1993326
1.4814348220825195,78,97,88,1707857,1993387
1.5006532669067383,78,97,90,1707819,1993450
1.521533489227295,78,97,89,1707906,1993317
1.5405762195587158,78,97,86,1707865,1993409
1.5614111423492432,78,97,82,1707833,1993409
1.580432653427124,78,97,77,1707838,1993425
1.6011784076690674,78,97,72,1707779,1993423
1.6201941967010498,78,97,66,1707889,1993441
1.6410508155822754,78,97,60,1707870,1993443
1.6601574420928955,78,97,54,1707920,1993433
1.6808393001556396,78,97,50,1707902,1993374
1.7016029357910156,78,97,47,1707807,1993241
1.720815896987915,78,97,46,1707530,1992948
1.7415809631347656,78,97,46,1707404,1992704
1.7606849670410156,78,97,47,1707302,1992494
1.7815449237823486,78,97,48,1707239,1992367
1.8006856441497803,78,97,49,1707274,1992361
1.8213896751403809,78,97,49,1707274,1992333
1.840522050857544,78,97,48,1707277,1992376
1.8612918853759766,78,97,46,1707335,1992402
1.8803837299346924,78,97,43,1707388,1992541
1.9011096954345703,78,97,40,1707424,1992659
1.9202940464019775,78,97,39,1707453,1992638
1.941202163696289,78,97,36,1707471,1992696
1.9601774215698242,78,97,34,1707428,1992762
1.9808998107910156,78,97,32,1707379,1992721
2.0002267360687256,78,97,31,1707313,1992656
2.0210962295532227,78,97,29,1707330,1992547
2.0401816368103027,78,97,27,1707322,1992603
2.060922384262085,78,97,26,1707316,1992641
2.080050230026245,78,97,25,1707312,1992666
2.1008596420288086,78,97,24,1707347,1992715
2.1199545860290527,78,97,24,1707425,1992752
2.1407315731048584,78,97,23,1707496,1992771
2.159966468811035,78,97,23,1707521,1992794
2.1806559562683105,78,97,24,1707532,1992811
2.201467275619507,78,97,25,1707546,1992784
2.2206661701202393,78,97,29,1707550,1992766
2.239832639694214,78,97,36,1707479,1992840
2.2605457305908203,78,97,44,1707544,1992792
2.2813684940338135,78,97,53,1707558,1992733
2.3004415035247803,78,97,63,1707555,1992794
2.3212714195251465,78,97,71,1707608,1992865
2.340259552001953,78,97,76,1707616,1992913
2.361018657684326,78,97,77,1707599,1992905
2.380190372467041,78,97,75,1707570,1992962
2.4009182453155518,78,97,71,1707550,1992830
2.4199371337890625,78,97,66,1707404,1992828
2.4407081604003906,78,97,60,1707165,1992528
2.459878444671631,78,97,54,1707040,1992309
2.4806840419769287,78,97,49,1706943,1992157
2.499685287475586,78,97,44,1706989,1992082
2.5205273628234863,78,97,40,1707009,1992056
2.5397212505340576,78,97,39,1707050,1992081
2.5604069232940674,78,97,38,1707111,1992153
2.5811636447906494,78,97,38,1707195,1992177
2.600337266921997,78,97,40,1707253,1992224
2.621110677719116,78,97,40,1707290,1992320
2.6401524543762207,78,97,42,1707355,1992364
2.660970449447632,78,97,43,1707284,1992339
2.6801371574401855,78,97,44,1707307,1992392
2.7008635997772217,78,97,43,1707209,1992285
2.719928741455078,78,97,42,1707123,1992191
2.7407360076904297,78,97,41,1707101,1992176
2.759934902191162,78,97,40,1707090,1992199
2.780758857727051,78,97,38,1707116,1992163
2.799851894378662,78,97,35,1707122,1992204
2.820655584335327,78,97,33,1707146,1992328
2.839836359024048,78,97,32,1707196,1992242
2.860579013824463,78,97,30,1707188,1992390
2.879621744155884,78,97,28,1707158,1992421
2.900435447692871,78,97,27,1707184,1992428
2.919532060623169,78,97,26,1707201,1992455
2.9402143955230713,78,97,25,1707300,1992461
2.960986852645874,78,97,24,1707315,1992451
2.9800775051116943,78,97,23,1707318,1992442
3.000778913497925,78,97,23,1707339,1992451
3.019848346710205,78,97,22,1707286,1992430
3.0406992435455322,78,97,23,1707249,1992409
3.0598373413085938,78,97,26,1707298,1992422
3.080559492111206,78,97,32,1707241,1992421
3.0996265411376953,78,97,40,1707235,1992514
3.1204071044921875,78,97,50,1707246,1992511
3.1394731998443604,78,97,60,1707218,1992516
3.1601879596710205,78,97,69,1707141,1992364
3.179334878921509,78,97,75,1706932,1992072
3.2001874446868896,78,97,77,1706806,1991870
3.219365358352661,78,97,77,1706600,1991708
3.2400524616241455,78,97,74,1706692,1991619
3.260850667953491,78,97,70,1706728,1991537
3.2800045013427734,78,97,65,1706754,1991630
3.3007779121398926,78,97,60,1706790,1991610
3.319833755493164,78,97,55,1706869,1991667
3.340701103210449,78,97,50,1706914,1991752
3.3599934577941895,78,97,45,1706994,1991861
3.3806838989257812,78,97,42,1707003,1991911
3.3998873233795166,78,97,40,1707018,1991981
3.420698642730713,78,97,40,1707009,1991960
3.439667224884033,78,97,40,1706963,1991894
3.4603540897369385,78,97,41,1706851,1991845
3.4794912338256836,78,97,42,1706779,1991903
3.500185966491699,78,97,43,1706791,1991878
3.5192008018493652,78,97,43,1706797,1991908
3.539970874786377,78,97,42,1706897,1991899
3.5591251850128174,78,97,41,1706884,1991961
3.579885959625244,78,97,40,1706962,1991975
3.6005845069885254,78,97,38,1707001,1991966
3.6197004318237305,78,97,36,1707031,1992002
3.639643430709839,78,97,33,1706989,1991977
3.660539388656616,78,97,31,1707064,1992081
3.6795814037323,78,97,29,1707077,1992053
3.700422763824463,78,97,27,1707024,1992039
3.719583034515381,78,97,25,1707075,1992113
3.740300416946411,78,97,24,1707045,1992119
3.759333372116089,78,97,23,1707043,1992157
3.7801454067230225,78,97,22,1707043,1992173
3.799302816390991,78,97,21,1707044,1992180
3.8200690746307373,78,97,20,1707052,1992239
3.8391847610473633,78,97,20,1707033,1992307
3.8600659370422363,78,97,20,1707070,1992308
3.8790698051452637,78,97,21,1707067,1992341
3.8998234272003174,78,97,25,1707160,1992339
3.9190752506256104,78,97,32,1707034,1992257
3.9398159980773926,78,97,40,1706755,1991963
3.958888053894043,78,97,50,1706692,1991719
3.979706048965454,78,97,60,1706615,1991525
3.9988746643066406,78,97,69,1706535,1991482
4.019694805145264,78,97,74,1706596,1991447
4.040465354919434,78,97,76,1706645,1991453
4.059646129608154,78,97,75,1706697,1991534
4.080571413040161,78,97,73,1706748,1991605
4.099772214889526,78,97,69,1706715,1991709
4.118930816650391,78,97,64,1706779,1991789
4.139748573303223,78,97,59,1706875,1991855
4.159022092819214,78,97,54,1706824,1991907
4.179908752441406,78,97,49,1706836,1991888
4.199077367782593,78,97,45,1706788,1991877
4.220045328140259,78,97,43,1706778,1991721
4.2393248081207275,78,97,41,1706809,1991704
4.26015043258667,78,97,41,1706791,1991680
4.279356956481934,78,97,42,1706822,1991713
4.300318241119385,78,97,43,1706835,1991764
4.319397449493408,78,97,45,1706889,1991777
4.3403000831604,78,97,45,1706911,1991880
4.3596718311309814,78,97,46,1706948,1991929
4.378858327865601,78,97,45,1706897,1991978
4.399747848510742,78,97,44,1706918,1992018
4.419002056121826,78,97,42,1706946,1992035
4.439817190170288,78,97,40,1706992,1992018
4.458878517150879,78,97,38,1706985,1992079
4.479640483856201,78,97,36,1706898,1992077
4.498764753341675,78,97,34,1706905,1992078
4.519696950912476,78,97,32,1706980,1992135
4.538784027099609,78,97,30,1706978,1992170
4.559489727020264,78,97,29,1706997,1992196
4.578566074371338,78,97,28,1707099,1992198
4.599423408508301,78,97,27,1707079,1992232
4.618568181991577,78,97,26,1707117,1992240
4.639315128326416,78,97,25,1707125,1992242
4.660108804702759,78,97,25,1707134,1992231
4.6792261600494385,78,97,25,1707064,1992131
4.699976205825806,78,97,25,1706898,1991874
4.719577074050903,78,97,28,1706579,1991668
4.738799810409546,78,97,34,1706480,1991460
4.759516954421997,78,97,40,1706468,1991416
4.778604745864868,78,97,49,1706458,1991392
4.799565315246582,78,97,58,1706490,1991435
4.818784236907959,78,97,67,1706546,1991343
4.839555025100708,78,97,73,1706599,1991492
4.858720541000366,78,97,76,1706618,1991594
4.879582166671753,78,97,75,1706699,1991574
4.89879584312439,78,97,73,1706754,1991642
4.919582366943359,78,97,69,1706784,1991755
4.938828468322754,78,97,64,1706794,1991715
4.959734678268433,78,97,59,1706757,1991670
4.97894811630249,78,97,54,1706792,1991655
4.999701976776123,78,97,49,1706703,1991576
5.0188798904418945,78,97,45,1706640,1991554
5.039653062820435,78,97,42,1706700,1991583
5.058725595474243,78,97,41,1706681,1991589
5.079592227935791,78,97,40,1706709,1991664
5.098715305328369,78,97,41,1706735,1991598
5.1195433139801025,78,97,42,1706727,1991534
5.1386401653289795,78,97,43,1706760,1991602
5.159467697143555,78,97,44,1706762,1991646
5.1785805225372314,78,97,44,1706777,1991761
5.199281930923462,78,97,44,1706758,1991829
5.218358278274536,78,97,43,1706779,1991841
5.239188194274902,78,97,41,1706837,1991855
5.2581634521484375,78,97,40,1706887,1991829
5.2789835929870605,78,97,38,1706896,1991851
5.299856901168823,78,97,36,1706924,1991827
5.319059371948242,78,97,34,1706833,1991891
5.339829921722412,78,97,32,1706893,1991837
5.3589019775390625,78,97,31,1706897,1991808
5.378121852874756,78,97,29,1706895,1991892
5.398907899856567,78,97,28,1706920,1991877
5.41961669921875,78,97,27,1706931,1991837
5.438805103302002,78,97,26,1706928,1991847
5.459753751754761,78,97,26,1706873,1991759
5.478975057601929,78,97,25,1706606,1991632
5.498140573501587,78,97,25,1706494,1991380
5.51902961730957,78,97,25,1706372,1991171
5.53822922706604,78,97,26,1706257,1991066
5.558998346328735,78,97,30,1706290,1991045
5.578056335449219,78,97,37,1706370,1991036
5.598855972290039,78,97,44,1706397,1991036
5.618008613586426,78,97,52,1706441,1991115
5.6389875411987305,78,97,61,1706444,1991223
5.658147811889648,78,97,68,1706474,1991280
5.679068565368652,78,97,72,1706503,1991334
5.698094129562378,78,97,73,1706549,1991400
5.718821048736572,78,97,72,1706593,1991436
5.738086462020874,78,97,68,1706585,1991336
5.758882284164429,78,97,64,1706380,1991312
5.777949810028076,78,97,59,1706450,1991285
5.7987961769104,78,97,54,1706461,1991224
5.817933559417725,78,97,49,1706431,1991229
5.838876247406006,78,97,45,1706471,1991272
5.858163595199585,78,97,42,1706436,1991274
5.879043340682983,78,97,40,1706468,1991235
5.898254632949829,78,97,39,1706508,1991332
5.919178009033203,78,97,40,1706606,1991237
5.938309669494629,78,97,40,1706607,1991258
5.959193706512451,78,97,40,1706580,1991278
5.978410720825195,78,97,41,1706665,1991359
5.999149322509766,78,97,42,1706646,1991353
6.018256187438965,78,97,41,1706614,1991350
6.039167642593384,78,97,40,1706674,1991412
6.0583860874176025,78,97,40,1706689,1991437
6.079158782958984,78,97,38,1706698,1991408
6.098370313644409,78,97,36,1706689,1991430
6.119214773178101,78,97,34,1706714,1991461
6.138315200805664,78,97,32,1706727,1991468
6.159190654754639,78,97,30,1706743,1991505
6.178377389907837,78,97,28,1706744,1991500
6.199070692062378,78,97,27,1706740,1991511
6.218191385269165,78,97,25,1706715,1991504
6.239158868789673,78,97,25,1706630,1991360
6.258363723754883,78,97,24,1706429,1991182
6.27912974357605,78,97,23,1706302,1990907
6.298323154449463,78,97,23,1706203,1990751
6.319168329238892,78,97,23,1706188,1990687
6.3383965492248535,78,97,22,1706176,1990676
6.3591859340667725,78,97,23,1706224,1990703
6.378376722335815,78,97,25,1706240,1990744
6.399263381958008,78,97,29,1706340,1990799
6.4184181690216064,78,97,35,1706313,1990961
6.4391655921936035,78,97,42,1706436,1991033
6.458261013031006,78,97,50,1706511,1991053
6.479081869125366,78,97,59,1706520,1991160
6.498220682144165,78,97,65,1706523,1991140
6.519028902053833,78,97,69,1706484,1991079
6.53829288482666,78,97,70,1706397,1991081
6.5574870109558105,78,97,68,1706367,1991073
6.578240156173706,78,97,65,1706376,1991030
6.599111080169678,78,97,61,1706383,1991040
6.618249177932739,78,97,56,1706401,1991023
6.638985633850098,78,97,51,1706430,1991044
6.658065319061279,78,97,46,1706469,1991056
6.678959131240845,78,97,42,1706476,1991076
6.698126316070557,78,97,40,1706512,1991154
6.71888542175293,78,97,38,1706577,1991176
6.738111972808838,78,97,37,1706560,1991180
6.758980989456177,78,97,38,1706593,1991249
6.778177738189697,78,97,39,1706588,1991304
6.799001216888428,78,97,40,1706599,1991300
6.818170547485352,78,97,40,1706600,1991353
6.839118242263794,78,97,40,1706617,1991347
6.858327865600586,78,97,40,1706541,1991399
6.877448320388794,78,97,40,1706555,1991447
6.898318767547607,78,97,38,1706595,1991443
6.917553663253784,78,97,36,1706572,1991423
6.938385486602783,78,97,34,1706597,1991454
6.957493782043457,78,97,32,1706596,1991491
6.978355646133423,78,97,31,1706615,1991511
6.997513294219971,78,97,29,1706610,1991493
7.018292665481567,78,97,27,1706510,1991404
7.0375120639801025,78,97,26,1706280,1991108
7.058376789093018,78,97,25,1706136,1990874
7.077429294586182,78,97,25,1706030,1990712
7.098305702209473,78,97,24,1706007,1990623
7.117525577545166,78,97,24,1706016,1990516
7.138271808624268,78,97,24,1706051,1990606
7.157350540161133,78,97,23,1706064,1990655
7.17826771736145,78,97,23,1706148,1990719
7.197495698928833,78,97,23,1706196,1990651
7.218249559402466,78,97,24,1706209,1990834
7.237379789352417,78,97,27,1706237,1990896
7.258296489715576,78,97,32,1706302,1990870
7.27748441696167,78,97,39,1706288,1990856
7.298308849334717,78,97,46,1706272,1990890
7.317550420761108,78,97,55,1706250,1990764
7.338465213775635,78,97,62,1706198,1990739
7.3583338260650635,78,97,66,1706190,1990665
7.377492904663086,78,97,67,1706206,1990676
7.3983142375946045,78,97,67,1706201,1990741
7.4175193309783936,78,97,64,1706285,1990758
7.438278913497925,78,97,60,1706265,1990769
7.457340955734253,78,97,55,1706283,1990871
7.478280782699585,78,97,50,1706311,1990810
7.497434616088867,78,97,45,1706332,1990842
7.518271207809448,78,97,41,1706337,1990896
7.537505865097046,78,97,39,1706413,1990922
7.558372497558594,78,97,36,1706452,1990969
7.577429294586182,78,97,35,1706431,1991005
7.598328590393066,78,97,35,1706456,1991020
7.617490291595459,78,97,36,1706451,1991053
7.638267755508423,78,97,37,1706458,1991070
7.6573474407196045,78,97,38,1706451,1991101
7.678250789642334,78,97,39,1706427,1991111
7.697409391403198,78,97,39,1706532,1991092
7.718162775039673,78,97,38,1706461,1991069
7.737262725830078,78,97,37,1706472,1991238
7.758158445358276,78,97,35,1706500,1991108
7.7773659229278564,78,97,33,1706501,1991144
7.7981486320495605,78,97,31,1706444,1991084
7.8173205852508545,78,97,29,1706288,1990874
7.838260650634766,78,97,28,1706093,1990595
7.857417106628418,78,97,26,1706080,1990467
7.878287076950073,78,97,25,1706022,1990351
7.897489070892334,78,97,24,1705978,1990288
7.918223142623901,78,97,23,1706043,1990308
7.937333106994629,78,97,22,1706022,1990302
7.958097457885742,78,97,22,1706044,1990341
7.97730278968811,78,97,22,1706113,1990464
7.998128890991211,78,97,21,1706197,1990522
8.017147541046143,78,97,21,1706188,1990604
8.038002490997314,78,97,20,1706202,1990663
8.057135581970215,78,97,20,1706226,1990717
8.07781457901001,78,97,21,1706179,1990753
8.09685468673706,78,97,25,1706113,1990721
8.117676973342896,78,97,30,1706150,1990697
8.136861324310303,78,97,37,1706079,1990682
8.157545328140259,78,97,44,1706134,1990705
8.178436279296875,78,97,52,1706186,1990694
8.197505235671997,78,97,59,1706199,1990754
8.2181978225708,78,97,63,1706279,1990766
8.237255811691284,78,97,64,1706324,1990802
8.258018732070923,78,97,62,1706317,1990805
8.277193546295166,78,97,60,1706294,1990803
8.298089504241943,78,97,56,1706343,1990855
8.3171067237854,78,97,51,1706392,1990809
8.33795166015625,78,97,46,1706289,1990816
8.35706615447998,78,97,42,1706407,1990854
8.377776861190796,78,97,39,1706334,1990891
8.39678955078125,78,97,36,1706287,1990994
8.41757869720459,78,97,34,1706277,1990989
8.436686277389526,78,97,34,1706277,1990992
8.45741081237793,78,97,34,1706351,1991005
8.47649359703064,78,97,35,1706410,1991039
8.49738883972168,78,97,37,1706430,1990990
8.516531705856323,78,97,38,1706370,1991082
8.537224769592285,78,97,39,1706445,1991025
8.558005809783936,78,97,39,1706465,1991013
8.577176332473755,78,97,38,1706374,1990987
8.597861766815186,78,97,37,1706186,1990712
8.616895198822021,78,97,35,1706003,1990467
8.637763738632202,78,97,33,1705963,1990298
8.65696382522583,78,97,31,1705888,1990187
8.677818775177002,78,97,30,1705977,1990211
8.69709062576294,78,97,28,1705986,1990259
8.717824697494507,78,97,27,1705972,1990436
8.737174272537231,78,97,25,1706086,1990446
8.757723331451416,78,97,24,1706086,1990435
8.778865575790405,78,97,24,1706161,1990583
8.796308040618896,78,97,23,1706208,1990696
8.817107200622559,78,97,23,1706244,1990717
8.837825775146484,78,97,23,1706242,1990674
8.857024431228638,78,97,22,1706180,1990655
8.877838373184204,78,97,22,1706152,1990581
8.896824359893799,78,97,22,1706085,1990534
8.917551279067993,78,97,22,1706049,1990502
8.936743021011353,78,97,24,1706068,1990600
8.957636594772339,78,97,27,1706172,1990527
8.976677894592285,78,97,33,1706094,1990499
8.997593641281128,78,97,40,1706104,1990569
9.016639709472656,78,97,47,1706156,1990559
9.037394762039185,78,97,55,1706154,1990668
9.056457042694092,78,97,62,1706164,1990775
9.077306985855103,78,97,65,1706172,1990775
9.096466064453125,78,97,67,1706191,1990811
9.117396593093872,78,97,65,1706233,1990653
9.136417865753174,78,97,62,1706222,1990836
9.157278776168823,78,97,58,1706193,1990858
9.176434755325317,78,97,54,1706233,1990815
9.197181701660156,78,97,49,1706207,1990877
9.216224908828735,78,97,44,1706296,1990879
9.23701810836792,78,97,40,1706295,1990884
9.256189346313477,78,97,38,1706303,1990903
9.276893138885498,78,97,36,1706332,1990932
9.29768419265747,78,97,36,1706355,1990912
9.316750526428223,78,97,36,1706394,1990861
9.337414741516113,78,97,37,1706359,1990853
9.356462240219116,78,97,38,1706258,1990795
9.377399444580078,78,97,39,1706113,1990648
9.396560192108154,78,97,40,1705965,1990396
9.417282581329346,78,97,40,1705820,1990197
9.4363534450531,78,97,39,1705752,1990109
9.457282543182373,78,97,38,1705760,1989981
9.476447105407715,78,97,37,1705785,1989971
9.49718689918518,78,97,35,1705824,1990124
9.516278743743896,78,97,33,1705866,1990163
9.537126541137695,78,97,31,1705900,1990300
9.5563063621521,78,97,30,1705960,1990302
9.577015161514282,78,97,28,1706005,1990462
9.596107959747314,78,97,27,1705992,1990538
9.616862535476685,78,97,26,1706014,1990567
9.635974168777466,78,97,25,1706034,1990567
9.656736850738525,78,97,24,1706038,1990492
9.677531957626343,78,97,24,1706001,1990431
9.696685075759888,78,97,24,1705976,1990401
9.717417240142822,78,97,24,1706002,1990350
9.736613273620605,78,97,23,1706016,1990364
9.757508039474487,78,97,23,1706044,1990417
9.776532888412476,78,97,23,1706068,1990434
9.797306060791016,78,97,23,1706098,1990470
9.816462278366089,78,97,23,1706089,1990462
9.837157249450684,78,97,26,1706126,1990492
9.856232166290283,78,97,31,1706093,1990478
9.876965522766113,78,97,38,1706094,1990593
9.896063566207886,78,97,46,1706093,1990618
9.916898965835571,78,97,54,1706033,1990630
9.935885906219482,78,97,63,1706044,1990612
9.956601619720459,78,97,68,1706159,1990629
9.977380514144897,78,97,71,1706167,1990600
9.996395826339722,78,97,70,1706188,1990596
10.01611614227295,78,97,68,1706123,1990580
10.036896705627441,78,98,60,1706096,1990623
10.056162595748901,78,98,55,1706116,1990553
10.07715106010437,78,98,50,1706192,1990602
10.096274852752686,78,98,46,1706196,1990633
10.117210388183594,78,98,42,1706233,1990652
10.136396408081055,78,98,40,1706203,1990691
10.157133102416992,78,98,39,1706109,1990572
10.176228523254395,78,98,39,1705909,1990321
10.1970956325531,78,98,39,1705769,1990106
10.216264724731445,78,98,40,1705725,1989966
10.236993551254272,78,98,40,1705683,1989786
10.256113290786743,78,98,41,1705635,1989723
10.276860475540161,78,98,41,1705653,1989748
10.29593825340271,78,98,40,1705665,1989885
10.316669464111328,78,98,40,1705647,1989990
10.335848569869995,78,98,38,1705714,1990040
10.356760025024414,78,98,36,1705733,1990092
10.37592363357544,78,98,34,1705805,1990044
10.39669132232666,78,98,32,1705790,1990116
10.41579008102417,78,98,31,1705758,1990160
10.436566352844238,78,98,29,1705720,1990139
10.455697774887085,78,98,28,1705693,1990123
10.476434469223022,78,98,26,1705767,1990117
10.495645999908447,78,98,26,1705748,1990107
10.516601324081421,78,98,25,1705734,1990111
10.535657405853271,78,98,24,1705765,1990157
10.55669379234314,78,98,24,1705796,1990092
10.576039791107178,78,98,24,1705829,1990065
10.596924543380737,78,98,24,1705933,1990166
10.616121530532837,78,98,23,1705955,1990187
10.637130498886108,78,98,23,1705979,1990213
10.656426191329956,78,98,23,1705917,1990317
10.675642013549805,78,98,22,1705880,1990336
10.696508884429932,78,98,22,1705914,1990328
10.715616703033447,78,98,23,1705900,1990358
10.736409664154053,78,98,27,1705945,1990403
10.755555152893066,78,98,32,1705961,1990446
10.776463031768799,78,98,40,1705957,1990453
10.795742511749268,78,98,47,1705949,1990483
10.816631078720093,78,98,56,1706010,1990393
10.835719108581543,78,98,64,1706000,1990531
10.856680631637573,78,98,68,1706036,1990593
10.87592363357544,78,98,70,1706148,1990507
10.89673900604248,78,98,69,1706119,1990471
10.915838956832886,78,98,66,1706018,1990392
10.936725378036499,78,98,62,1705917,1990237
10.955912351608276,78,98,58,1705756,1990000
10.976701498031616,78,98,53,1705633,1989800
10.995843648910522,78,98,48,1705589,1989664
11.016737699508667,78,98,44,1705599,1989655
11.03581714630127,78,98,41,1705616,1989608
11.056726694107056,78,98,39,1705652,1989675
11.076531171798706,78,98,38,1705628,1989688
11.095547199249268,78,98,38,1705667,1989900
11.116349935531616,78,98,38,1705685,1989984
11.135692596435547,78,98,39,1705732,1990068
11.156619548797607,78,98,40,1705824,1989999
11.175754308700562,78,98,40,1705822,1990018
11.196700096130371,78,98,40,1705794,1989970
11.215981483459473,78,98,39,1705788,1990076
11.236719608306885,78,98,38,1705757,1989933
11.255831718444824,78,98,36,1705728,1989888
11.2766592502594,78,98,34,1705719,1989869
11.29585313796997,78,98,32,1705717,1989873
11.316707134246826,78,98,30,1705739,1989894
11.335846662521362,78,98,28,1705741,1989901
11.356832027435303,78,98,27,1705791,1989913
11.376078605651855,78,98,25,1705676,1989981
11.395193576812744,78,98,24,1705756,1990009
11.416053771972656,78,98,23,1705799,1990018
11.435144186019897,78,98,22,1705773,1990041
11.456132650375366,78,98,22,1705741,1990036
11.475184202194214,78,98,21,1705770,1990049
11.496114253997803,78,98,21,1705762,1990069
11.515360832214355,78,98,21,1705752,1990038
11.53615427017212,78,98,21,1705750,1990106
11.55537486076355,78,98,20,1705760,1990023
11.576369047164917,78,98,20,1705789,1989958
11.595457077026367,78,98,20,1705787,1989932
11.616271257400513,78,98,19,1705782,1989953
11.635606050491333,78,98,20,1705788,1990076
11.656567573547363,78,98,23,1705859,1990049
11.67570161819458,78,98,28,1705851,1990005
11.696569204330444,78,98,35,1705773,1989905
11.715714454650879,78,98,42,1705595,1989767
11.73659610748291,78,98,51,1705507,1989592
11.755681037902832,78,98,58,1705458,1989446
11.776586771011353,78,98,63,1705398,1989396
11.796022653579712,78,98,65,1705351,1989378
11.815315246582031,78,98,64,1705396,1989288
11.83651065826416,76,98,61,1705503,1989433
11.855493545532227,76,98,58,1705524,1989510
11.87646746635437,76,98,53,1705571,1989582
11.895534992218018,76,98,48,1705623,1989609
11.916310548782349,76,98,44,1705661,1989653
11.935481548309326,76,98,40,1705677,1989702
11.956284284591675,76,98,37,1705639,1989712
11.975340604782104,76,98,35,1705552,1989636
11.996246337890625,76,98,34,1705569,1989610
12.015539169311523,76,98,34,1705558,1989615
12.036273956298828,76,98,34,1705571,1989626
12.055465698242188,76,98,36,1705585,1989636
12.07636022567749,76,98,37,1705600,1989671
12.095359563827515,76,98,37,1705634,1989695
12.116237163543701,76,98,38,1705670,1989744
12.135497808456421,76,98,37,1705640,1989768
12.156312704086304,76,98,36,1705719,1989874
12.17538833618164,76,98,35,1705758,1989826
12.19635558128357,76,98,33,1705759,1989836
12.215512037277222,76,98,31,1705757,1989906
12.234838962554932,76,98,29,1705763,1989984
12.255589008331299,76,98,27,1705724,1990017
12.274736881256104,76,98,26,1705737,1990030
12.295686721801758,76,98,24,1705789,1990012
12.31496000289917,76,98,23,1705705,1989953
12.335773706436157,76,98,23,1705701,1990042
12.354889392852783,76,98,22,1705703,1990062
12.375872373580933,76,98,22,1705757,1989994
12.394972085952759,76,98,21,1705748,1990047
12.415759801864624,76,98,21,1705760,1990115
12.434942483901978,76,98,21,1705756,1990060
12.455814838409424,76,98,21,1705653,1989934
12.474899768829346,76,98,21,1705467,1989694
12.495770931243896,76,98,21,1705372,1989540
12.515040636062622,76,98,21,1705333,1989329
12.535799026489258,76,98,20,1705328,1989288
12.554982662200928,76,98,20,1705355,1989244
12.576022148132324,76,98,21,1705409,1989309
12.595054626464844,76,98,25,1705433,1989344
12.615922212600708,76,98,31,1705465,1989413
12.635237693786621,76,98,38,1705527,1989484
12.656013250350952,76,98,46,1705580,1989595
12.675149202346802,76,98,54,1705609,1989646
12.696154594421387,76,98,61,1705595,1989666
12.71544861793518,76,98,65,1705543,1989742
12.734519004821777,76,98,66,1705540,1989698
12.755462169647217,76,98,64,1705510,1989629
12.774627923965454,74,98,62,1705455,1989643
12.79552960395813,74,98,58,1705383,1989662
12.814645528793335,74,98,54,1705413,1989645
12.835533142089844,74,98,49,1705434,1989643
12.854764938354492,74,98,45,1705459,1989672
12.875988721847534,74,98,41,1705592,1989606
12.895179986953735,74,98,39,1705616,1989726
12.916155815124512,74,98,37,1705642,1989746
12.935499906539917,74,98,36,1705555,1989819
12.954670190811157,74,98,36,1705555,1989786
12.975582361221313,74,98,37,1705561,1989829
12.994837522506714,74,98,38,1705614,1989727
13.015695095062256,74,98,39,1705631,1989767
13.034790992736816,74,98,40,1705636,1989780
13.0556058883667,74,98,40,1705646,1989821
13.074795722961426,74,98,39,1705658,1989814
13.095576524734497,74,98,38,1705654,1989862
13.114763975143433,74,98,36,1705676,1989803
13.135628461837769,74,98,35,1705700,1989864
13.154695749282837,74,98,33,1705723,1989893
13.175532579421997,74,98,31,1705726,1989952
13.194802284240723,74,98,29,1705689,1989906
13.215730667114258,74,98,28,1705641,1989783
13.234822273254395,74,98,27,1705456,1989525
13.255688428878784,74,98,25,1705322,1989353
13.274861574172974,74,98,25,1705339,1989248
13.295763492584229,74,98,24,1705330,1989197
13.3148775100708,74,98,24,1705344,1989190
13.335779190063477,74,98,23,1705341,1989223
13.355170726776123,74,98,23,1705392,1989309
13.374351501464844,74,98,23,1705318,1989366
13.395304679870605,74,98,23,1705365,1989415
13.414649724960327,74,98,23,1705400,1989498
13.435559749603271,74,98,23,1705521,1989460
13.454707622528076,74,98,22,1705513,1989473
13.475629329681396,74,98,22,1705465,1989432
13.494731664657593,74,98,23,1705494,1989468
13.515692949295044,74,98,25,1705454,1989468
13.534746646881104,74,98,30,1705464,1989442
13.555685997009277,74,98,38,1705455,1989452
13.575047254562378,74,98,45,1705408,1989513
13.594096183776855,74,98,54,1705454,1989522
13.614997625350952,74,98,61,1705450,1989560
13.634318828582764,74,98,67,1705401,1989590
13.655026197433472,74,98,69,1705460,1989629
13.67432451248169,74,98,68,1705456,1989636
13.695265054702759,74,98,66,1705465,1989649
13.714613199234009,73,98,63,1705570,1989584
13.73404312133789,73,98,58,1705568,1989648
13.755731582641602,73,98,54,1705496,1989672
13.775212049484253,73,98,49,1705532,1989634
13.794870138168335,73,98,45,1705601,1989748
13.816989183425903,73,98,42,1705558,1989772
13.834676742553711,73,98,40,1705627,1989695
13.855522871017456,73,98,39,1705613,1989712
13.874560832977295,73,98,39,1705654,1989722
13.895288705825806,73,98,39,1705606,1989721
13.914443969726562,73,98,40,1705585,1989661
13.935205698013306,73,98,40,1705579,1989669
13.954358339309692,73,98,41,1705494,1989592
13.975138187408447,73,98,41,1705322,1989459
13.994301319122314,73,98,40,1705232,1989244
14.015143156051636,73,98,40,1705160,1989117
14.034228563308716,73,98,37,1705138,1989064
14.055010080337524,73,98,35,1705138,1989079
14.074177742004395,73,98,33,1705116,1989093
14.094839334487915,73,98,31,1705117,1989153
14.115545511245728,73,98,29,1705263,1989190
14.13470196723938,73,98,27,1705319,1989198
14.15382194519043,73,98,26,1705303,1989324
14.174667596817017,73,98,25,1705373,1989390
14.19565749168396,73,98,24,1705393,1989416
14.214805841445923,73,98,24,1705292,1989467
14.233863592147827,73,98,23,1705339,1989453
14.254580736160278,73,98,23,1705330,1989343
14.275474071502686,73,98,23,1705310,1989319
14.294634580612183,73,98,23,1705306,1989288
14.313837766647339,73,98,23,1705275,1989365
14.33460545539856,73,98,23,1705356,1989368
14.35539174079895,73,98,22,1705397,1989398
14.374545097351074,73,98,22,1705415,1989484
14.395311832427979,73,98,22,1705455,1989496
14.414363622665405,73,98,23,1705474,1989473
14.435141801834106,73,98,25,1705470,1989435
14.454272985458374,73,98,31,1705457,1989455
14.475061655044556,73,98,38,1705468,1989455
14.494149446487427,73,98,46,1705426,1989461
14.514997482299805,73,98,55,1705421,1989487
14.53399109840393,73,98,63,1705436,1989561
14.55473279953003,73,98,68,1705390,1989608
14.573862552642822,73,98,71,1705415,1989608
14.594614505767822,73,98,70,1705421,1989608
14.613742351531982,73,98,68,1705464,1989612
14.634526014328003,72,98,64,1705507,1989623
14.653696060180664,72,98,60,1705481,1989626
14.674613952636719,72,98,55,1705527,1989635
14.693782806396484,72,98,50,1705429,1989615
14.714497089385986,72,98,46,1705349,1989525
14.734193801879883,72,98,43,1705175,1989101
14.755104780197144,72,98,40,1705154,1989014
14.774170398712158,72,98,39,1705081,1988865
14.794958353042603,72,98,39,1705023,1988752
14.814047574996948,72,98,39,1705011,1988707
14.834786176681519,72,98,40,1704983,1988767
14.853804111480713,72,98,40,1705007,1988913
14.874598741531372,72,98,41,1705002,1989010
14.893746376037598,72,98,41,1705064,1989077
14.914423942565918,72,98,40,1705161,1989151
14.933506488800049,72,98,40,1705238,1989160
14.954445600509644,72,98,38,1705236,1989190
14.97363829612732,72,98,36,1705136,1989202
14.994454145431519,72,98,34,1705131,1989161
15.01358151435852,72,98,32,1705164,1989124
15.034459829330444,72,98,30,1705033,1989091
15.053612232208252,72,98,28,1705100,1989095
15.074427843093872,72,98,26,1705123,1989129
15.093608379364014,72,98,25,1705120,1989142
15.11448860168457,72,98,24,1705146,1989159
15.133545637130737,72,98,22,1705163,1989166
15.154443979263306,72,98,22,1705156,1989168
15.173666715621948,72,98,21,1705209,1989203
15.194588422775269,72,98,20,1705223,1989133
15.213667869567871,72,98,20,1705216,1989260
15.234604597091675,72,98,19,1705193,1989273
15.253813028335571,72,98,19,1705261,1989194
15.274721622467041,72,98,18,1705284,1989187
15.293939352035522,72,98,18,1705279,1989209
15.31491231918335,72,98,17,1705343,1989282
15.33410906791687,72,98,18,1705329,1989291
15.354899168014526,72,98,20,1705373,1989265
15.374281167984009,72,98,26,1705320,1989390
15.393611431121826,72,98,33,1705267,1989375
15.414452075958252,72,98,42,1705299,1989376
15.43375301361084,72,98,51,1705318,1989246
15.454660654067993,72,98,60,1705330,1989293
15.473877906799316,72,98,66,1705283,1989209
15.494684219360352,72,98,68,1705111,1988986
15.513973236083984,72,98,68,1705039,1988820
15.533260107040405,72,98,66,1704978,1988799
15.554081916809082,71,98,62,1704961,1988716
15.57511019706726,71,98,58,1704970,1988685
15.594274282455444,71,98,53,1704896,1988767
15.613450765609741,71,98,49,1704929,1988812
15.634307384490967,71,98,44,1704971,1988893
15.653518915176392,71,98,41,1705030,1988968
15.674489498138428,71,98,39,1705040,1988976
15.693708181381226,71,98,37,1705173,1988954
15.714593172073364,71,98,37,1705167,1988996
15.733901739120483,71,98,37,1705127,1988969
15.753210544586182,71,98,38,1705039,1989033
15.774105787277222,71,98,39,1705045,1988972
15.793317556381226,71,98,40,1705036,1988944
15.814229011535645,71,98,40,1704979,1988916
15.833367347717285,71,98,40,1704981,1988927
15.854087114334106,71,98,39,1705047,1988955
15.873287916183472,71,98,38,1705024,1988962
15.89418625831604,71,98,36,1705046,1988978
15.913219213485718,71,98,34,1705066,1988991
15.93397068977356,71,98,32,1705159,1989013
15.953178405761719,71,98,30,1705172,1989004
15.97404432296753,71,98,28,1705127,1989052
15.993159294128418,71,98,26,1705109,1989109
16.013978481292725,71,98,25,1705188,1989098
16.033121585845947,71,98,24,1705138,1989143
16.053916454315186,71,98,23,1705229,1989138
16.074698209762573,71,98,22,1705237,1989125
16.093933582305908,71,98,22,1705192,1989186
16.11314630508423,71,98,22,1705244,1989168
16.134050130844116,71,98,22,1705154,1989196
16.153127908706665,71,98,22,1705176,1989242
16.174014806747437,71,98,21,1705269,1989253
16.19338345527649,71,98,21,1705235,1989097
16.214202404022217,71,98,21,1705197,1989141
16.233354806900024,71,98,21,1705070,1989009
16.254319190979004,71,98,21,1704969,1988781
16.273510932922363,71,98,22,1704917,1988640
16.29431939125061,71,98,26,1704842,1988531
16.31355881690979,71,98,33,1704911,1988509
16.334487438201904,71,98,40,1704891,1988502
16.35358476638794,71,98,49,1704918,1988514
16.374475240707397,71,98,58,1704927,1988560
16.39389657974243,71,98,65,1704959,1988705
16.413211584091187,71,98,68,1704924,1988690
16.433952808380127,71,98,69,1704927,1988824
16.45317244529724,71,98,68,1704958,1988856
16.473957777023315,70,98,61,1704961,1988858
16.493093252182007,70,98,56,1704940,1988848
16.513974905014038,70,98,51,1704892,1988822
16.533129930496216,70,98,47,1704905,1988788
16.553983449935913,70,98,43,1704909,1988737
16.573055028915405,70,98,40,1704926,1988765
16.59393072128296,70,98,39,1704946,1988810
16.613194704055786,70,98,38,1704961,1988831
16.634211778640747,70,98,38,1705088,1988772
16.653393030166626,70,98,39,1705108,1988829
16.67438507080078,70,98,40,1705132,1988836
16.69365644454956,70,98,41,1705075,1988955
16.712794065475464,70,98,41,1705098,1988968
16.73364806175232,70,98,41,1705121,1988962
16.75289034843445,70,98,41,1705043,1989005
16.77374768257141,70,98,40,1705030,1988984
16.792846202850342,70,98,39,1705045,1989008
16.813733339309692,70,98,37,1705053,1989004
16.83291244506836,70,98,35,1705070,1989058
16.853695154190063,70,98,33,1705094,1989093
16.87284255027771,70,98,31,1705101,1989103
16.89379334449768,70,98,30,1705117,1989115
16.912832260131836,70,98,28,1705125,1989131
16.93367600440979,70,98,27,1705137,1989130
16.952913522720337,70,98,26,1705138,1989176
16.97382092475891,70,98,25,1705173,1989082
16.9929141998291,70,98,25,1705032,1989055
17.01386547088623,70,98,25,1704883,1988841
17.03309202194214,70,98,25,1704864,1988567
17.05387783050537,70,98,24,1704777,1988468
17.072983741760254,70,98,24,1704737,1988430
17.09390926361084,70,98,24,1704737,1988306
17.113136768341064,70,98,24,1704745,1988283
17.1340115070343,70,98,23,1704806,1988358
17.153220653533936,70,98,22,1704853,1988427
17.174192667007446,70,98,22,1704847,1988476
17.193467617034912,70,98,23,1704846,1988610
17.212554216384888,70,98,26,1704932,1988645
17.23344373703003,70,98,33,1704935,1988665
17.252625942230225,70,98,40,1704921,1988697
17.273539066314697,70,98,49,1704786,1988702
17.292653799057007,70,98,59,1704816,1988663
17.31352925300598,70,98,67,1704793,1988661
17.33269691467285,70,98,72,1704791,1988642
17.353487491607666,70,98,74,1704792,1988656
17.372740268707275,70,98,73,1704853,1988659
17.393718957901,70,98,70,1704918,1988586
17.412813901901245,72,98,62,1704924,1988681
17.43372392654419,72,98,57,1704953,1988611
17.4529230594635,72,98,53,1704957,1988639
17.473671436309814,72,98,48,1704981,1988663
17.492770671844482,72,98,45,1704981,1988800
17.513700008392334,72,98,42,1704977,1988795
17.53299570083618,72,98,41,1705079,1988800
17.553894519805908,72,98,40,1705094,1988813
17.573063611984253,72,98,41,1705094,1988825
17.592363834381104,72,98,42,1705100,1988949
17.613208293914795,72,98,43,1705112,1988963
17.63402009010315,72,98,44,1705126,1988982
17.653226613998413,72,98,44,1705115,1988983
17.67252826690674,72,98,43,1705098,1989011
17.693488359451294,72,98,42,1705096,1988973
17.712602376937866,72,98,41,1705080,1989044
17.733458518981934,72,98,40,1705092,1989068
17.752718925476074,72,98,38,1705132,1988935
17.773541688919067,72,98,36,1705089,1988941
17.792712211608887,72,98,34,1704968,1988813
17.81361150741577,72,98,32,1704848,1988584
17.832796812057495,72,98,31,1704806,1988470
17.85358452796936,72,98,29,1704751,1988369
17.872950553894043,72,98,29,1704773,1988333
17.89388632774353,72,98,28,1704759,1988330
17.912971019744873,72,98,27,1704797,1988349
17.933842420578003,72,98,27,1704814,1988395
17.95302700996399,72,98,27,1704843,1988459
17.97377109527588,72,98,26,1704856,1988486
17.99285864830017,72,98,26,1704918,1988499
18.013763189315796,72,98,26,1704924,1988534
18.03305697441101,72,98,25,1704862,1988655
18.052151679992676,72,98,25,1704908,1988612
18.073045015335083,72,98,24,1704888,1988597
18.092222929000854,72,98,24,1704814,1988614
18.113061666488647,72,98,25,1704856,1988614
18.132160186767578,72,98,28,1704872,1988598
18.153098821640015,72,98,34,1704821,1988632
18.17234230041504,72,98,41,1704878,1988671
18.19332528114319,72,98,50,1704918,1988607
18.212444067001343,72,98,59,1704936,1988706
18.23342251777649,72,98,68,1704916,1988690
18.252719163894653,72,98,73,1705038,1988720
18.273557424545288,72,98,76,1705051,1988754
18.292722463607788,72,98,75,1705074,1988790
18.313619375228882,72,98,73,1705080,1988846
18.33278799057007,74,98,69,1705067,1988854
18.35360026359558,74,98,65,1705076,1988844
18.372832775115967,74,98,60,1705078,1988881
18.39201283454895,74,98,56,1705057,1988933
18.41335105895996,74,98,51,1705086,1988830
18.432586669921875,74,98,48,1705127,1988878
18.453466176986694,74,98,45,1705107,1988865
18.472534656524658,74,98,43,1705131,1988894
18.493361473083496,74,98,43,1705119,1988917
18.51258158683777,74,98,43,1705119,1988939
18.53336000442505,74,98,44,1705151,1988941
18.552456855773926,74,98,45,1705170,1988919
18.57335877418518,74,98,45,1705117,1988903
18.592533826828003,74,98,45,1705061,1988837
18.613422393798828,74,98,45,1704923,1988663
18.632530689239502,74,98,43,1704833,1988503
18.653477430343628,74,98,42,1704773,1988449
18.672736644744873,74,98,40,1704752,1988354
18.691989183425903,74,98,38,1704659,1988393
18.712761163711548,74,98,36,1704694,1988426
18.73191547393799,74,98,34,1704777,1988491
18.75283193588257,74,98,32,1704718,1988534
18.772037029266357,74,98,30,1704769,1988564
18.7928409576416,74,98,29,1704788,1988652
18.812017917633057,74,98,28,1704844,1988683
18.832884788513184,74,98,27,1704844,1988710
18.851969003677368,74,98,26,1704829,1988713
18.872878789901733,74,98,25,1704801,1988661
18.892067193984985,74,98,25,1704795,1988618
18.91282820701599,74,98,24,1704799,1988661
18.931995153427124,74,98,24,1704819,1988686
18.95292615890503,74,98,24,1704826,1988699
18.97216296195984,74,98,23,1704910,1988634
18.9929358959198,74,98,23,1704903,1988679
19.01208209991455,74,98,23,1704931,1988773
19.032965183258057,74,98,23,1704981,1988685
19.0521297454834,74,98,25,1704963,1988711
19.072961807250977,74,98,29,1704971,1988750
19.09223961830139,74,98,36,1705024,1988832
19.113194942474365,74,98,43,1705072,1988840
19.132515907287598,74,98,53,1705063,1988946
19.15171790122986,74,98,62,1705053,1988957
19.172637701034546,74,98,68,1705075,1988949
19.19191074371338,74,98,72,1705032,1988905
19.212735891342163,74,98,73,1705027,1989016
19.23187565803528,74,98,71,1705013,1989027
19.252800226211548,77,98,64,1705074,1988925
19.27203893661499,77,98,59,1705111,1988908
19.29284930229187,77,98,54,1705098,1988937
19.3120276927948,77,98,50,1705145,1988951
19.33291482925415,77,98,46,1705154,1988991
19.352012872695923,77,98,43,1705177,1988969
19.37286138534546,77,98,41,1705153,1988959
19.392051458358765,77,98,40,1705037,1988858
19.41281771659851,77,98,40,1704861,1988634
19.431974411010742,77,98,40,1704781,1988448
19.45292043685913,77,98,41,1704717,1988356
19.472150564193726,77,98,42,1704753,1988359
19.492947340011597,77,98,43,1704763,1988348
19.51209592819214,77,98,42,1704772,1988321
19.532984495162964,77,98,41,1704795,1988351
19.55216670036316,77,98,40,1704826,1988409
19.572978973388672,77,98,39,1704846,1988454
19.59221649169922,77,98,37,1704874,1988596
19.613112211227417,77,98,35,1704904,1988609
19.63216733932495,77,98,32,1704936,1988717
19.652961492538452,77,98,30,1704933,1988666
19.672158241271973,77,98,29,1704922,1988618
19.69295573234558,77,98,27,1704876,1988627
19.712058067321777,77,98,26,1704883,1988608
19.73290705680847,77,98,25,1704912,1988618
19.752044916152954,77,98,24,1704908,1988648
19.77281618118286,77,98,24,1704927,1988651
19.791900873184204,77,98,23,1704929,1988662
19.81281280517578,77,98,23,1704968,1988723
19.832014083862305,77,98,23,1705017,1988736
19.852776765823364,77,98,23,1705048,1988757
19.871957540512085,77,98,22,1705048,1988790
19.892848014831543,77,98,22,1705069,1988793
19.911911725997925,77,98,21,1705066,1988813
19.9326810836792,77,98,21,1705053,1988807
19.951924085617065,77,98,23,1705028,1988816
19.97287940979004,77,98,27,1705074,1988932
19.992000579833984,77,98,34,1705097,1988918
20.012874603271484,77,98,41,1705117,1988926
20.03207039833069,77,98,51,1705107,1989000
20.05289626121521,77,98,60,1705099,1988986
20.072007417678833,77,98,67,1705106,1989002
20.09122133255005,77,98,71,1705124,1989064
20.11218571662903,77,98,72,1705158,1989126
20.131423711776733,77,98,71,1705102,1989144
20.152209520339966,77,98,67,1705062,1989161
20.17136287689209,77,98,63,1705083,1989168
20.19227433204651,77,98,58,1705043,1989090
20.21160364151001,77,98,54,1704928,1988803
20.23246717453003,77,98,49,1704814,1988630
20.251739501953125,77,98,44,1704759,1988511
20.272716760635376,77,98,41,1704746,1988437
20.29184079170227,77,98,40,1704740,1988391
20.312699556350708,77,98,39,1704769,1988425
20.33197045326233,77,98,39,1704783,1988489
20.35101079940796,77,98,40,1704797,1988545
20.37187647819519,77,98,40,1704837,1988575
20.391209363937378,77,98,42,1704862,1988682
20.412027835845947,77,98,43,1704830,1988721
20.4311420917511,77,98,43,1704902,1988760
20.452078819274902,77,98,42,1704946,1988799
20.47139000892639,77,98,41,1704877,1988637
20.49218487739563,77,98,40,1704836,1988698
20.51145076751709,77,98,38,1704814,1988723
20.532411813735962,77,98,36,1704917,1988653
20.551828861236572,77,98,34,1704947,1988741
20.572622060775757,77,98,32,1704940,1988766
20.592362880706787,77,98,30,1704954,1988711
20.611796140670776,77,98,28,1704988,1988809
20.631027936935425,77,98,27,1704954,1988984
20.651865005493164,77,98,26,1705039,1989067
20.6709566116333,77,98,26,1705100,1989093
20.691820859909058,77,98,25,1705119,1989120
20.711021900177002,77,98,25,1705065,1989139
20.731775522232056,77,98,25,1705142,1989136
20.75088095664978,77,98,25,1705148,1989085
20.771696090698242,77,98,25,1705148,1989093
20.792423725128174,77,98,25,1705165,1989084
20.81157112121582,77,98,24,1705181,1989090
20.83242130279541,77,98,24,1705189,1989138
20.851407766342163,77,98,25,1705219,1989117
20.872113943099976,77,98,28,1705146,1989034
20.891308546066284,77,98,35,1705139,1989095
20.912177562713623,77,98,42,1705204,1989124
20.931194067001343,77,98,51,1705168,1989131
20.952054023742676,77,98,61,1705171,1989198
20.971134185791016,77,98,69,1705192,1989146
20.99185013771057,77,98,74,1705149,1989242
21.010883569717407,77,98,76,1705047,1989104
21.03172469139099,77,98,76,1704873,1988878
21.051069974899292,77,98,73,1704757,1988661
21.071945667266846,77,98,69,1704713,1988430
21.090969562530518,77,98,65,1704685,1988466
21.111796379089355,77,98,60,1704627,1988455
21.13087272644043,77,98,55,1704658,1988441
21.15163016319275,77,98,51,1704691,1988506
21.170655965805054,77,98,48,1704834,1988557
21.191445112228394,77,98,45,1704877,1988623
21.212243795394897,77,98,44,1704911,1988625
21.231225728988647,77,98,43,1704948,1988638
21.251943588256836,77,98,44,1704890,1988636
21.271128177642822,77,98,45,1704872,1988598
21.291882276535034,77,98,46,1704872,1988588
21.31191325187683,77,98,46,1704829,1988538
21.332640886306763,77,98,46,1704859,1988698
21.352055549621582,77,98,45,1704869,1988575
21.371674299240112,77,98,44,1704789,1988654
21.392661571502686,77,98,42,1704827,1988600
21.411826133728027,77,98,40,1704849,1988568
21.430984020233154,77,98,39,1704854,1988528
21.451730489730835,77,98,37,1704865,1988588
21.470855951309204,77,98,35,1704888,1988632
21.4918532371521,77,98,33,1704888,1988687
21.51117181777954,77,98,31,1704984,1988746
21.53196668624878,77,98,30,1705011,1988728
21.551105976104736,77,98,29,1705014,1988742
21.572028875350952,77,98,29,1704996,1988788
21.591192960739136,77,98,28,1705000,1988849
21.61199426651001,77,98,28,1705025,1988823
21.631173372268677,77,98,28,1705021,1988869
21.65036654472351,77,98,28,1705024,1988866
21.671136379241943,77,98,28,1705025,1988863
21.691981077194214,77,98,27,1705035,1988876
21.711175203323364,77,98,27,1705055,1988899
21.731947660446167,77,98,26,1705069,1988923
21.751057386398315,77,98,27,1705099,1988924
21.771992444992065,77,98,29,1705108,1988918
21.791279792785645,77,98,34,1704933,1988981
21.810362339019775,77,98,41,1704904,1988829
21.831217288970947,77,98,49,1704752,1988644
21.85041880607605,77,98,59,1704630,1988474
21.871266841888428,77,98,68,1704569,1988336
21.89036536216736,77,98,75,1704602,1988279
21.91127038002014,77,98,78,1704522,1988244
21.930451154708862,77,98,78,1704587,1988288
21.951436758041382,77,98,76,1704657,1988227
21.970545053482056,77,98,73,1704674,1988388
21.991403579711914,77,98,69,1704703,1988432
22.010477304458618,77,98,65,1704758,1988490
22.03027105331421,77,98,60,1704830,1988580
22.051113605499268,77,98,56,1704852,1988591
22.070321559906006,77,98,52,1704733,1988579
22.091586589813232,77,98,49,1704778,1988429
22.110740184783936,77,98,47,1704776,1988418
22.131722450256348,77,98,46,1704788,1988443
22.150328874588013,77,98,46,1704771,1988542
22.171048879623413,77,98,47,1704756,1988547
22.191190242767334,77,98,47,1704736,1988543
22.210524320602417,77,98,48,1704777,1988569
22.231475353240967,77,98,48,1704864,1988501
22.25061559677124,77,98,47,1704874,1988508
22.27149271965027,77,98,46,1704846,1988527
22.290589332580566,77,98,44,1704873,1988562
22.31138038635254,77,98,42,1704879,1988546
22.330434799194336,77,98,40,1704878,1988660
22.35124135017395,77,98,38,1704880,1988664
22.370402574539185,77,98,36,1704893,1988737
22.391262531280518,77,98,34,1704917,1988602
22.410314559936523,77,98,32,1704887,1988754
22.431118965148926,77,98,31,1704846,1988782
22.450250148773193,77,98,30,1704897,1988760
22.47098708152771,77,98,29,1704865,1988784
22.490057468414307,77,98,29,1704972,1988825
22.510895252227783,77,98,29,1704974,1988864
22.530075073242188,77,98,29,1704967,1988851
22.5507972240448,77,98,29,1705008,1988861
22.57157611846924,77,98,29,1704970,1988786
22.590745210647583,77,98,29,1704845,1988596
22.611491918563843,77,98,28,1704733,1988415
22.630523443222046,77,98,28,1704683,1988225
22.651392936706543,77,98,29,1704573,1988097
22.67056655883789,77,98,31,1704595,1988080
22.69130825996399,77,98,36,1704574,1988008
22.7104549407959,77,98,43,1704574,1987962
22.73125171661377,77,98,51,1704634,1988054
22.75037455558777,77,98,61,1704631,1988122
22.771096229553223,77,98,69,1704642,1988202
22.79026961326599,77,98,75,1704675,1988198
22.81018614768982,77,98,77,1704728,1988377
22.833476305007935,77,98,77,1704770,1988321
22.85117530822754,77,98,75,1704716,1988312
22.871121406555176,78,98,71,1704652,1988331
22.890440702438354,78,98,67,1704735,1988306
22.91123342514038,78,98,62,1704725,1988310
22.930371284484863,78,98,58,1704711,1988323
22.951311349868774,78,98,53,1704771,1988379
22.970482110977173,78,98,50,1704798,1988410
22.99127173423767,78,98,47,1704824,1988429
23.0105242729187,78,98,46,1704834,1988484
23.029797315597534,78,98,45,1704866,1988573
23.050577640533447,78,98,45,1704885,1988584
23.069729804992676,78,98,46,1704875,1988586
23.090686798095703,78,98,46,1704885,1988604
23.109948873519897,78,98,47,1704806,1988632
23.130756616592407,78,98,46,1704815,1988650
23.149938106536865,78,98,45,1704827,1988684
23.1707603931427,78,98,44,1704856,1988715
23.190073490142822,78,98,42,1704897,1988645
23.21089458465576,78,98,40,1704898,1988719
23.230107307434082,78,98,38,1704932,1988642
23.251054048538208,78,98,36,1704944,1988692
23.27027654647827,78,98,34,1705041,1988778
23.291064500808716,78,98,32,1705050,1988815
23.310272932052612,78,98,30,1705031,1988822
23.33104133605957,78,98,29,1705052,1988854
23.35018229484558,78,98,27,1704951,1988688
23.37100911140442,78,98,27,1704794,1988476
23.390241861343384,78,98,26,1704713,1988359
23.41114830970764,78,98,25,1704659,1988256
23.43023157119751,78,98,25,1704663,1988163
23.45106029510498,78,98,24,1704662,1988141
23.470237970352173,78,98,24,1704690,1988150
23.491015434265137,78,98,23,1704711,1988195
23.51024866104126,78,98,23,1704728,1988269
23.53118348121643,78,98,22,1704765,1988326
23.550453662872314,78,98,22,1704728,1988492
23.569566011428833,78,98,24,1704817,1988539
23.590445041656494,78,98,28,1704824,1988558
23.609684467315674,78,98,35,1704755,1988568
23.630508422851562,78,98,43,1704728,1988530
23.64965534210205,78,98,53,1704745,1988506
23.67052412033081,78,98,62,1704653,1988517
23.689780235290527,78,98,68,1704667,1988501
23.7107150554657,78,98,72,1704732,1988335
23.72995090484619,78,98,73,1704795,1988414
23.75091242790222,78,98,71,1704790,1988400
23.770145654678345,78,97,68,1704858,1988505
23.790950775146484,78,97,64,1704879,1988524
23.810128927230835,78,97,59,1704904,1988531
23.829358100891113,78,97,54,1704879,1988649
23.85021686553955,78,97,50,1704898,1988660
23.871037483215332,78,97,46,1704910,1988644
23.89020586013794,78,97,43,1704914,1988677
23.909398555755615,78,97,41,1704903,1988726
23.930201292037964,78,97,40,1704916,1988709
23.949387311935425,78,97,41,1704904,1988715
23.970364093780518,78,97,41,1704880,1988710
23.98943591117859,78,97,42,1704836,1988748
24.0102801322937,78,97,43,1704867,1988770
24.0296893119812,78,97,43,1704877,1988768
24.050640106201172,78,97,43,1704920,1988658
24.06982684135437,78,97,41,1704946,1988677
24.09093928337097,78,97,40,1704859,1988692
24.110175132751465,78,97,39,1704775,1988662
24.129270315170288,78,97,36,1704678,1988450
24.15010356903076,78,97,34,1704616,1988314
24.169334650039673,78,97,32,1704531,1988220
24.190194845199585,78,97,30,1704527,1988138
24.209237575531006,78,97,28,1704541,1988089
24.230036735534668,78,97,27,1704566,1988086
24.251041650772095,78,97,26,1704597,1988125
24.27034568786621,78,97,26,1704588,1988197
24.28942060470581,78,97,26,1704604,1988284
24.31028652191162,78,97,25,1704589,1988368
24.329769134521484,78,97,26,1704719,1988257
24.350692987442017,78,97,26,1704763,1988349
24.36985421180725,78,97,26,1704742,1988311
24.38920831680298,78,97,26,1704639,1988394
24.410252332687378,78,97,25,1704562,1988335
24.429398775100708,78,97,25,1704571,1988339
24.45037055015564,78,97,24,1704613,1988249
24.469695568084717,78,97,25,1704643,1988186
24.490647077560425,78,97,28,1704712,1988268
24.50987219810486,78,97,33,1704725,1988330
24.529207229614258,78,97,40,1704741,1988377
24.55031967163086,78,97,49,1704694,1988259
24.569547653198242,78,97,58,1704719,1988310
24.59057593345642,78,97,67,1704760,1988345
24.6098895072937,78,97,72,1704803,1988467
24.629060983657837,78,97,75,1704794,1988501
24.649956226348877,78,97,74,1704806,1988512
24.669289350509644,78,97,72,1704736,1988549
24.690319538116455,78,97,69,1704779,1988433
24.709471464157104,78,97,64,1704806,1988427
24.730412006378174,78,97,60,1704824,1988477
24.749706268310547,78,97,55,1704834,1988494
24.769083976745605,78,97,51,1704793,1988602
24.78990650177002,78,97,48,1704805,1988596
24.809205532073975,78,97,45,1704803,1988591
24.830219507217407,78,97,44,1704796,1988461
24.849518299102783,78,97,44,1704773,1988427
24.87038564682007,78,97,45,1704629,1988223
24.889710664749146,78,97,46,1704547,1988118
24.909021615982056,78,97,47,1704452,1988004
24.929810047149658,78,97,47,1704438,1987903
24.949048042297363,78,97,47,1704308,1987884
24.970057725906372,78,97,46,1704346,1987858
24.989181995391846,78,97,45,1704397,1987832
25.010112285614014,78,97,43,1704451,1987867
25.029443979263306,78,97,40,1704486,1987864
25.05024242401123,78,97,39,1704560,1987973
25.069427013397217,78,97,37,1704598,1988033
25.09047770500183,78,97,35,1704630,1988094
25.10978126525879,78,97,34,1704492,1988160
25.128913164138794,78,97,33,1704525,1988170
25.14988684654236,78,97,32,1704493,1988139
25.16910481452942,78,97,31,1704482,1988089
25.19011402130127,78,97,31,1704491,1987965
25.209308624267578,78,97,31,1704531,1988001
25.230273485183716,78,97,31,1704592,1988057
25.24958062171936,78,97,31,1704608,1988079
25.268763065338135,78,97,31,1704570,1988188
25.289623260498047,78,97,31,1704628,1988175
25.30886197090149,78,97,30,1704593,1988224
25.329829931259155,78,97,30,1704573,1988240
25.34902572631836,78,97,29,1704599,1988205
25.370002031326294,78,97,30,1704588,1988206
25.389251470565796,78,97,32,1704670,1988180
25.410135746002197,78,97,37,1704693,1988242
25.429325580596924,78,97,43,1704742,1988277
25.450308561325073,78,97,51,1704718,1988341
25.469584941864014,78,97,60,1704687,1988373
25.48869252204895,78,97,69,1704699,1988368
25.509522438049316,78,97,75,1704726,1988388
25.52889347076416,78,97,78,1704717,1988409
25.549681186676025,78,97,78,1704680,1988378
25.568939685821533,78,97,76,1704701,1988415
25.589996576309204,79,97,68,1704653,1988263
25.60932731628418,79,97,63,1704638,1988212
25.628554821014404,79,97,59,1704510,1988082
25.649487495422363,79,97,55,1704439,1987939
25.66868281364441,79,97,51,1704291,1987829
25.68968677520752,79,97,49,1704293,1987730
25.708834648132324,79,97,47,1704311,1987722
25.729827642440796,79,97,47,1704354,1987654
25.749181985855103,79,97,47,1704433,1987744
25.76866912841797,79,97,48,1704393,1987917
25.789655208587646,79,97,48,1704442,1987937
25.808891773223877,79,97,48,1704495,1987979
25.82986831665039,79,97,48,1704577,1987976
25.849112272262573,79,97,47,1704593,1988032
25.870094060897827,79,97,46,1704591,1988032
25.889532566070557,79,97,44,1704456,1988055
25.908735036849976,79,97,42,1704435,1987976
25.92958688735962,79,97,40,1704449,1988023
25.948885917663574,79,97,38,1704505,1987915
25.96984624862671,79,97,36,1704554,1987996
25.989003658294678,79,97,34,1704604,1988038
26.009912252426147,79,97,33,1704615,1988083
26.029176950454712,79,97,31,1704637,1988125
26.049977779388428,79,97,30,1704637,1988175
26.069236755371094,79,97,30,1704630,1988212
26.088542461395264,79,97,29,1704639,1988237
26.10954737663269,79,97,29,1704638,1988152
26.128706693649292,79,97,29,1704640,1988213
26.1496319770813,79,97,29,1704644,1988192
26.168847799301147,79,97,29,1704696,1988215
26.189736366271973,79,97,28,1704683,1988241
26.20889139175415,79,97,28,1704698,1988259
26.229884386062622,79,97,28,1704731,1988315
26.249298334121704,79,97,27,1704745,1988342
26.268425226211548,79,97,27,1704629,1988396
26.289301872253418,79,97,29,1704640,1988401
26.308504819869995,79,97,34,1704641,1988386
26.329463005065918,79,97,40,1704671,1988264
26.348700523376465,79,97,49,1704621,1988152
26.369674682617188,79,97,58,1704475,1987974
26.388866186141968,79,97,67,1704472,1987854
26.409770488739014,79,97,74,1704379,1987713
26.42897057533264,79,97,77,1704351,1987658
26.448227882385254,79,97,78,1704326,1987657
26.469162225723267,79,97,76,1704234,1987624
26.48830008506775,79,97,73,1704258,1987623
26.509237051010132,79,97,69,1704285,1987680
26.52853751182556,79,97,65,1704337,1987668
26.54932165145874,79,97,60,1704364,1987664
26.56854510307312,79,97,56,1704378,1987682
26.58954882621765,79,97,53,1704397,1987724
26.608836889266968,79,97,50,1704450,1987822
26.629656553268433,79,97,48,1704428,1987793
26.648878812789917,79,97,47,1704398,1987753
26.668006658554077,79,97,47,1704376,1987786
26.688884973526,79,97,47,1704381,1987771
26.708240747451782,79,97,48,1704343,1987823
26.72897744178772,79,97,48,1704416,1987818
26.74830198287964,79,97,47,1704444,1987848
26.769238233566284,79,97,46,1704401,1987828
26.78892493247986,79,97,45,1704435,1987908
26.808146715164185,79,97,43,1704493,1987911
26.829084873199463,79,97,41,1704450,1987924
26.84809398651123,79,97,40,1704504,1987965
26.868911504745483,79,97,38,1704555,1988017
26.887942790985107,79,97,36,1704552,1988047
26.90865159034729,79,97,34,1704594,1987985
26.929408311843872,79,97,32,1704577,1987998
26.948520183563232,79,97,31,1704619,1988024
26.96931481361389,79,97,30,1704618,1988023
26.988292932510376,79,97,29,1704575,1988024
27.008986949920654,79,97,29,1704559,1988172
27.02820611000061,79,97,29,1704528,1988173
27.048874378204346,79,97,28,1704556,1988209
27.067924976348877,79,97,28,1704616,1988233
27.088759183883667,79,97,28,1704538,1988058
27.107918739318848,79,97,28,1704363,1987942
27.128594636917114,79,97,27,1704383,1987747
27.14941930770874,79,97,27,1704364,1987647
27.168498516082764,79,97,26,1704340,1987581
27.189325094223022,79,97,25,1704344,1987549
27.20830273628235,79,97,25,1704345,1987528
27.229031801223755,79,97,25,1704314,1987582
27.248125314712524,79,97,29,1704327,1987719
27.26882004737854,79,97,35,1704356,1987794
27.287826538085938,79,97,42,1704454,1987863
27.308555603027344,79,97,51,1704491,1987853
27.32939910888672,79,97,60,1704469,1987854
27.34848141670227,79,97,68,1704463,1987825
27.369171380996704,79,97,73,1704426,1987756
27.388362407684326,79,97,75,1704434,1987777
27.409167289733887,79,97,74,1704398,1987780
27.428144454956055,79,97,71,1704428,1987746
27.448829412460327,79,97,67,1704391,1987874
27.467983722686768,79,97,63,1704399,1987868
27.48883032798767,79,97,58,1704453,1987902
27.507832050323486,79,97,54,1704403,1987962
27.528630256652832,79,97,50,1704545,1987990
27.547637939453125,79,97,47,1704550,1988004
27.5683753490448,79,97,44,1704596,1987950
27.58911156654358,79,97,43,1704620,1987956
27.60828185081482,79,97,43,1704642,1988002
27.629170894622803,79,97,43,1704613,1988029
27.64826774597168,79,97,44,1704669,1988083
27.66896104812622,79,97,44,1704618,1988012
27.688023805618286,79,97,44,1704576,1988055
27.709131479263306,79,97,44,1704682,1988083
27.728370428085327,79,97,42,1704681,1988092
27.750080823898315,79,97,41,1704542,1987996
27.76979112625122,79,97,39,1704643,1988171
27.78950023651123,79,97,37,1704613,1988089
27.809046745300293,79,97,35,1704472,1987909
27.828757524490356,79,97,32,1704408,1987862
27.848205089569092,79,97,30,1704333,1987634
27.868866443634033,79,97,29,1704285,1987480
27.887885570526123,79,97,27,1704207,1987462
27.908763647079468,79,97,26,1704183,1987475
27.927942991256714,79,97,25,1704223,1987345
27.948623657226562,79,97,25,1704212,1987498
27.9676833152771,79,97,25,1704257,1987538
27.988582372665405,79,97,24,1704255,1987589
28.007691860198975,79,97,24,1704274,1987637
28.02843475341797,79,97,24,1704343,1987698
28.047523975372314,79,97,24,1704392,1987719
28.068429470062256,79,97,24,1704391,1987722
28.087524890899658,79,97,24,1704333,1987712
28.108298540115356,79,97,23,1704364,1987699
28.129300355911255,79,97,23,1704342,1987741
28.148658514022827,79,97,22,1704368,1987598
28.167572259902954,79,97,21,1704341,1987822
28.18833899497986,79,97,22,1704445,1987859
28.207435846328735,79,97,25,1704500,1987875
28.228361129760742,79,97,31,1704428,1987893
28.24743676185608,79,97,39,1704511,1987926
28.26832103729248,79,97,48,1704507,1987962
28.28753662109375,79,97,58,1704475,1987934
28.30821442604065,79,97,66,1704516,1987980
28.32889151573181,79,97,72,1704599,1987892
28.349889516830444,79,97,74,1704463,1987849
28.369739532470703,79,97,73,1704493,1987816
28.389320850372314,79,97,71,1704652,1988017
28.408923864364624,78,97,67,1704568,1987954
28.42859721183777,78,97,62,1704523,1987970
28.447334051132202,78,97,58,1704612,1988030
28.468015670776367,78,97,53,1704657,1988046
28.48879337310791,78,97,49,1704685,1988011
28.507972717285156,78,97,46,1704640,1987967
28.528830766677856,78,97,43,1704620,1988027
28.547872066497803,78,97,42,1704574,1987901
28.56867742538452,78,97,42,1704383,1987694
28.587685585021973,78,97,43,1704297,1987555
28.608367681503296,78,97,44,1704224,1987538
28.62740135192871,78,97,44,1704162,1987456
28.648146152496338,78,97,45,1704209,1987404
28.667323112487793,78,97,45,1704218,1987392
28.687995195388794,78,97,44,1704272,1987398
28.708771467208862,78,97,42,1704294,1987446
28.727930784225464,78,97,40,1704322,1987453
28.748634099960327,78,97,39,1704359,1987497
28.76770043373108,78,97,37,1704336,1987524
28.78854250907898,78,97,34,1704301,1987454
28.807703971862793,78,97,32,1704389,1987504
28.828425645828247,78,97,31,1704254,1987415
28.84749412536621,78,97,29,1704245,1987503
28.86832356452942,78,97,28,1704252,1987476
28.887543439865112,78,97,28,1704256,1987578
28.908231019973755,78,97,27,1704287,1987599
28.927295207977295,78,97,27,1704274,1987673
28.948164224624634,78,97,27,1704347,1987708
28.96737313270569,78,97,27,1704336,1987620
28.988137006759644,78,97,27,1704306,1987656
29.007193088531494,78,97,27,1704387,1987692
29.028021812438965,78,97,27,1704345,1987707
29.04714345932007,78,97,26,1704402,1987708
29.067817449569702,78,97,26,1704444,1987672
29.08857488632202,78,97,25,1704452,1987664
29.107689380645752,78,97,24,1704488,1987661
29.128361701965332,78,97,24,1704450,1987611
29.1474392414093,78,97,24,1704398,1987615
29.168251991271973,78,97,27,1704403,1987784
29.187363624572754,78,97,32,1704447,1987693
29.208051919937134,78,97,40,1704413,1987814
29.227104425430298,78,97,49,1704455,1987810
29.24804186820984,78,97,59,1704416,1987812
29.26711654663086,78,97,68,1704347,1987797
29.28783392906189,78,97,74,1704297,1987617
29.306941747665405,78,97,77,1704225,1987445
29.327795028686523,78,97,77,1704157,1987230
29.34692645072937,78,97,74,1704090,1987199
29.367607831954956,78,97,71,1704143,1987107
29.38844609260559,78,97,66,1704118,1987113
29.407591581344604,78,97,62,1704158,1987155
29.428303241729736,78,97,57,1704204,1987127
29.448251962661743,78,97,53,1704143,1987129
29.46741557121277,78,97,49,1704237,1987200
29.488213062286377,78,97,46,1704194,1987218
29.50721549987793,78,97,44,1704190,1987288
29.527976751327515,78,97,44,1704142,1987358
29.549196004867554,78,97,45,1704128,1987254
29.568723917007446,78,97,45,1704160,1987176
29.588308811187744,78,97,46,1704071,1987034
29.607943296432495,78,97,45,1704173,1987211
29.62761616706848,78,97,44,1704148,1987179
29.64782738685608,78,97,43,1704105,1987229
29.666846752166748,78,97,41,1704221,1987241
29.68764638900757,78,97,40,1704226,1987258
29.706828594207764,78,97,38,1704255,1987256
29.72751784324646,78,97,35,1704266,1987235
29.748369693756104,78,97,33,1704257,1987270
29.76764750480652,78,97,31,1704275,1987230
29.78680968284607,78,97,29,1704212,1987323
29.80748701095581,78,97,28,1704283,1987283
29.828224182128906,78,97,27,1704310,1987278
29.847312450408936,78,97,26,1704316,1987287
29.86824059486389,78,97,26,1704346,1987321
29.887352228164673,78,97,25,1704336,1987322
29.908183574676514,78,97,25,1704346,1987318
29.92734694480896,78,97,25,1704367,1987369
29.948167324066162,78,97,25,1704377,1987376
29.967358827590942,78,97,25,1704367,1987385
